#,Name,Type 1,Type 2,HP,Attack,Defense,Sp. Atk,Sp. Def,Speed,Total
1,Bulbasaur,Grass,Poison,45,49,49,65,65,45,53.0
2,Ivysaur,Grass,Poison,60,62,63,80,80,60,67.5
3,Venusaur,Grass,Poison,80,82,83,100,100,80,87.5
3,VenusaurMega Venusaur,Grass,Poison,80,100,123,122,120,80,104.16666666666667
4,Charmander,Fire,,39,52,43,60,50,65,51.5
5,Charmeleon,Fire,,58,64,58,80,65,80,67.5
6,Charizard,Fire,Flying,78,84,78,109,85,100,89.0
6,CharizardMega Charizard X,Fire,Dragon,78,130,111,130,85,100,105.66666666666667
6,CharizardMega Charizard Y,Fire,Flying,78,104,78,159,115,100,105.66666666666667
7,Squirtle,Water,,44,48,65,50,64,43,52.333333333333336
8,Wartortle,Water,,59,63,80,65,80,58,67.5
9,Blastoise,Water,,79,83,100,85,105,78,88.33333333333333
9,BlastoiseMega Blastoise,Water,,79,103,120,135,115,78,105.0
10,Caterpie,Bug,,45,30,35,20,20,45,32.5
11,Metapod,Bug,,50,20,55,25,25,30,34.166666666666664
12,Butterfree,Bug,Flying,60,45,50,90,80,70,65.83333333333333
13,Weedle,Bug,Poison,40,35,30,20,20,50,32.5
14,Kakuna,Bug,Poison,45,25,50,25,25,35,34.166666666666664
15,Beedrill,Bug,Poison,65,90,40,45,80,75,65.83333333333333
15,BeedrillMega Beedrill,Bug,Poison,65,150,40,15,80,145,82.5
16,Pidgey,Normal,Flying,40,45,40,35,35,56,41.833333333333336
17,Pidgeotto,Normal,Flying,63,60,55,50,50,71,58.166666666666664
18,Pidgeot,Normal,Flying,83,80,75,70,70,101,79.83333333333333
18,PidgeotMega Pidgeot,Normal,Flying,83,80,80,135,80,121,96.5
19,Rattata,Normal,,30,56,35,25,35,72,42.166666666666664
20,Raticate,Normal,,55,81,60,50,70,97,68.83333333333333
21,Spearow,Normal,Flying,40,60,30,31,31,70,43.666666666666664
22,Fearow,Normal,Flying,65,90,65,61,61,100,73.66666666666667
23,Ekans,Poison,,35,60,44,40,54,55,48.0
24,Arbok,Poison,,60,85,69,65,79,80,73.0
25,Pikachu,Electric,,35,55,40,50,50,90,53.333333333333336
26,Raichu,Electric,,60,90,55,90,80,110,80.83333333333333
27,Sandshrew,Ground,,50,75,85,20,30,40,50.0
28,Sandslash,Ground,,75,100,110,45,55,65,75.0
29,Nidoran (Female),Poison,,55,47,52,40,40,41,45.833333333333336
30,Nidorina,Poison,,70,62,67,55,55,56,60.833333333333336
31,Nidoqueen,Poison,Ground,90,92,87,75,85,76,84.16666666666667
32,Nidoran (Male),Poison,,46,57,40,40,40,50,45.5
33,Nidorino,Poison,,61,72,57,55,55,65,60.833333333333336
34,Nidoking,Poison,Ground,81,102,77,85,75,85,84.16666666666667
35,Clefairy,Fairy,,70,45,48,60,65,35,53.833333333333336
36,Clefable,Fairy,,95,70,73,95,90,60,80.5
37,Vulpix,Fire,,38,41,40,50,65,65,49.833333333333336
38,Ninetales,Fire,,73,76,75,81,100,100,84.16666666666667
39,Jigglypuff,Normal,Fairy,115,45,20,45,25,20,45.0
40,Wigglytuff,Normal,Fairy,140,70,45,85,50,45,72.5
41,Zubat,Poison,Flying,40,45,35,30,40,55,40.833333333333336
42,Golbat,Poison,Flying,75,80,70,65,75,90,75.83333333333333
43,Oddish,Grass,Poison,45,50,55,75,65,30,53.333333333333336
44,Gloom,Grass,Poison,60,65,70,85,75,40,65.83333333333333
45,Vileplume,Grass,Poison,75,80,85,110,90,50,81.66666666666667
46,Paras,Bug,Grass,35,70,55,45,55,25,47.5
47,Parasect,Bug,Grass,60,95,80,60,80,30,67.5
48,Venonat,Bug,Poison,60,55,50,40,55,45,50.833333333333336
49,Venomoth,Bug,Poison,70,65,60,90,75,90,75.0
50,Diglett,Ground,,10,55,25,35,45,95,44.166666666666664
51,Dugtrio,Ground,,35,80,50,50,70,120,67.5
52,Meowth,Normal,,40,45,35,40,40,90,48.333333333333336
53,Persian,Normal,,65,70,60,65,65,115,73.33333333333333
54,Psyduck,Water,,50,52,48,65,50,55,53.333333333333336
55,Golduck,Water,,80,82,78,95,80,85,83.33333333333333
56,Mankey,Fighting,,40,80,35,35,45,70,50.833333333333336
57,Primeape,Fighting,,65,105,60,60,70,95,75.83333333333333
58,Growlithe,Fire,,55,70,45,70,50,60,58.333333333333336
59,Arcanine,Fire,,90,110,80,100,80,95,92.5
60,Poliwag,Water,,40,50,40,40,40,90,50.0
61,Poliwhirl,Water,,65,65,65,50,50,90,64.16666666666667
62,Poliwrath,Water,Fighting,90,95,95,70,90,70,85.0
63,Abra,Psychic,,25,20,15,105,55,90,51.666666666666664
64,Kadabra,Psychic,,40,35,30,120,70,105,66.66666666666667
65,Alakazam,Psychic,,55,50,45,135,95,120,83.33333333333333
65,AlakazamMega Alakazam,Psychic,,55,50,65,175,95,150,98.33333333333333
66,Machop,Fighting,,70,80,50,35,35,35,50.833333333333336
67,Machoke,Fighting,,80,100,70,50,60,45,67.5
68,Machamp,Fighting,,90,130,80,65,85,55,84.16666666666667
69,Bellsprout,Grass,Poison,50,75,35,70,30,40,50.0
70,Weepinbell,Grass,Poison,65,90,50,85,45,55,65.0
71,Victreebel,Grass,Poison,80,105,65,100,70,70,81.66666666666667
72,Tentacool,Water,Poison,40,40,35,50,100,70,55.833333333333336
73,Tentacruel,Water,Poison,80,70,65,80,120,100,85.83333333333333
74,Geodude,Rock,Ground,40,80,100,30,30,20,50.0
75,Graveler,Rock,Ground,55,95,115,45,45,35,65.0
76,Golem,Rock,Ground,80,120,130,55,65,45,82.5
77,Ponyta,Fire,,50,85,55,65,65,90,68.33333333333333
78,Rapidash,Fire,,65,100,70,80,80,105,83.33333333333333
79,Slowpoke,Water,Psychic,90,65,65,40,40,15,52.5
80,Slowbro,Water,Psychic,95,75,110,100,80,30,81.66666666666667
80,SlowbroMega Slowbro,Water,Psychic,95,75,180,130,80,30,98.33333333333333
81,Magnemite,Electric,Steel,25,35,70,95,55,45,54.166666666666664
82,Magneton,Electric,Steel,50,60,95,120,70,70,77.5
83,Farfetch'd,Normal,Flying,52,65,55,58,62,60,58.666666666666664
84,Doduo,Normal,Flying,35,85,45,35,35,75,51.666666666666664
85,Dodrio,Normal,Flying,60,110,70,60,60,100,76.66666666666667
86,Seel,Water,,65,45,55,45,70,45,54.166666666666664
87,Dewgong,Water,Ice,90,70,80,70,95,70,79.16666666666667
88,Grimer,Poison,,80,80,50,40,50,25,54.166666666666664
89,Muk,Poison,,105,105,75,65,100,50,83.33333333333333
90,Shellder,Water,,30,65,100,45,25,40,50.833333333333336
91,Cloyster,Water,Ice,50,95,180,85,45,70,87.5
92,Gastly,Ghost,Poison,30,35,30,100,35,80,51.666666666666664
93,Haunter,Ghost,Poison,45,50,45,115,55,95,67.5
94,Gengar,Ghost,Poison,60,65,60,130,75,110,83.33333333333333
94,GengarMega Gengar,Ghost,Poison,60,65,80,170,95,130,100.0
95,Onix,Rock,Ground,35,45,160,30,45,70,64.16666666666667
96,Drowzee,Psychic,,60,48,45,43,90,42,54.666666666666664
97,Hypno,Psychic,,85,73,70,73,115,67,80.5
98,Krabby,Water,,30,105,90,25,25,50,54.166666666666664
99,Kingler,Water,,55,130,115,50,50,75,79.16666666666667
100,Voltorb,Electric,,40,30,50,55,55,100,55.0
101,Electrode,Electric,,60,50,70,80,80,140,80.0
102,Exeggcute,Grass,Psychic,60,40,80,60,45,40,54.166666666666664
103,Exeggutor,Grass,Psychic,95,95,85,125,65,55,86.66666666666667
104,Cubone,Ground,,50,50,95,40,50,35,53.333333333333336
105,Marowak,Ground,,60,80,110,50,80,45,70.83333333333333
106,Hitmonlee,Fighting,,50,120,53,35,110,87,75.83333333333333
107,Hitmonchan,Fighting,,50,105,79,35,110,76,75.83333333333333
108,Lickitung,Normal,,90,55,75,60,75,30,64.16666666666667
109,Koffing,Poison,,40,65,95,60,45,35,56.666666666666664
110,Weezing,Poison,,65,90,120,85,70,60,81.66666666666667
111,Rhyhorn,Ground,Rock,80,85,95,30,30,25,57.5
112,Rhydon,Ground,Rock,105,130,120,45,45,40,80.83333333333333
113,Chansey,Normal,,250,5,5,35,105,50,75.0
114,Tangela,Grass,,65,55,115,100,40,60,72.5
115,Kangaskhan,Normal,,105,95,80,40,80,90,81.66666666666667
115,KangaskhanMega Kangaskhan,Normal,,105,125,100,60,100,100,98.33333333333333
116,Horsea,Water,,30,40,70,70,25,60,49.166666666666664
117,Seadra,Water,,55,65,95,95,45,85,73.33333333333333
118,Goldeen,Water,,45,67,60,35,50,63,53.333333333333336
119,Seaking,Water,,80,92,65,65,80,68,75.0
120,Staryu,Water,,30,45,55,70,55,85,56.666666666666664
121,Starmie,Water,Psychic,60,75,85,100,85,115,86.66666666666667
122,Mr. Mime,Psychic,Fairy,40,45,65,100,120,90,76.66666666666667
123,Scyther,Bug,Flying,70,110,80,55,80,105,83.33333333333333
124,Jynx,Ice,Psychic,65,50,35,115,95,95,75.83333333333333
125,Electabuzz,Electric,,65,83,57,95,85,105,81.66666666666667
126,Magmar,Fire,,65,95,57,100,85,93,82.5
127,Pinsir,Bug,,65,125,100,55,70,85,83.33333333333333
127,PinsirMega Pinsir,Bug,Flying,65,155,120,65,90,105,100.0
128,Tauros,Normal,,75,100,95,40,70,110,81.66666666666667
129,Magikarp,Water,,20,10,55,15,20,80,33.333333333333336
130,Gyarados,Water,Flying,95,125,79,60,100,81,90.0
130,GyaradosMega Gyarados,Water,Dark,95,155,109,70,130,81,106.66666666666667
131,Lapras,Water,Ice,130,85,80,85,95,60,89.16666666666667
132,Ditto,Normal,,48,48,48,48,48,48,48.0
133,Eevee,Normal,,55,55,50,45,65,55,54.166666666666664
134,Vaporeon,Water,,130,65,60,110,95,65,87.5
135,Jolteon,Electric,,65,65,60,110,95,130,87.5
136,Flareon,Fire,,65,130,60,95,110,65,87.5
137,Porygon,Normal,,65,60,70,85,75,40,65.83333333333333
138,Omanyte,Rock,Water,35,40,100,90,55,35,59.166666666666664
139,Omastar,Rock,Water,70,60,125,115,70,55,82.5
140,Kabuto,Rock,Water,30,80,90,55,45,55,59.166666666666664
141,Kabutops,Rock,Water,60,115,105,65,70,80,82.5
142,Aerodactyl,Rock,Flying,80,105,65,60,75,130,85.83333333333333
142,AerodactylMega Aerodactyl,Rock,Flying,80,135,85,70,95,150,102.5
143,Snorlax,Normal,,160,110,65,65,110,30,90.0
144,Articuno,Ice,Flying,90,85,100,95,125,85,96.66666666666667
145,Zapdos,Electric,Flying,90,90,85,125,90,100,96.66666666666667
146,Moltres,Fire,Flying,90,100,90,125,85,90,96.66666666666667
147,Dratini,Dragon,,41,64,45,50,50,50,50.0
148,Dragonair,Dragon,,61,84,65,70,70,70,70.0
149,Dragonite,Dragon,Flying,91,134,95,100,100,80,100.0
150,Mewtwo,Psychic,,106,110,90,154,90,130,113.33333333333333
150,MewtwoMega Mewtwo X,Psychic,Fighting,106,190,100,154,100,130,130.0
150,MewtwoMega Mewtwo Y,Psychic,,106,150,70,194,120,140,130.0
151,Mew,Psychic,,100,100,100,100,100,100,100.0
152,Chikorita,Grass,,45,49,65,49,65,45,53.0
153,Bayleef,Grass,,60,62,80,63,80,60,67.5
154,Meganium,Grass,,80,82,100,83,100,80,87.5
155,Cyndaquil,Fire,,39,52,43,60,50,65,51.5
156,Quilava,Fire,,58,64,58,80,65,80,67.5
157,Typhlosion,Fire,,78,84,78,109,85,100,89.0
158,Totodile,Water,,50,65,64,44,48,43,52.333333333333336
159,Croconaw,Water,,65,80,80,59,63,58,67.5
160,Feraligatr,Water,,85,105,100,79,83,78,88.33333333333333
161,Sentret,Normal,,35,46,34,35,45,20,35.833333333333336
162,Furret,Normal,,85,76,64,45,55,90,69.16666666666667
163,Hoothoot,Normal,Flying,60,30,30,36,56,50,43.666666666666664
164,Noctowl,Normal,Flying,100,50,50,76,96,70,73.66666666666667
165,Ledyba,Bug,Flying,40,20,30,40,80,55,44.166666666666664
166,Ledian,Bug,Flying,55,35,50,55,110,85,65.0
167,Spinarak,Bug,Poison,40,60,40,40,40,30,41.666666666666664
168,Ariados,Bug,Poison,70,90,70,60,60,40,65.0
169,Crobat,Poison,Flying,85,90,80,70,80,130,89.16666666666667
170,Chinchou,Water,Electric,75,38,38,56,56,67,55.0
171,Lanturn,Water,Electric,125,58,58,76,76,67,76.66666666666667
172,Pichu,Electric,,20,40,15,35,35,60,34.166666666666664
173,Cleffa,Fairy,,50,25,28,45,55,15,36.333333333333336
174,Igglybuff,Normal,Fairy,90,30,15,40,20,15,35.0
175,Togepi,Fairy,,35,20,65,40,65,20,40.833333333333336
176,Togetic,Fairy,Flying,55,40,85,80,105,40,67.5
177,Natu,Psychic,Flying,40,50,45,70,45,70,53.333333333333336
178,Xatu,Psychic,Flying,65,75,70,95,70,95,78.33333333333333
179,Mareep,Electric,,55,40,40,65,45,35,46.666666666666664
180,Flaaffy,Electric,,70,55,55,80,60,45,60.833333333333336
181,Ampharos,Electric,,90,75,85,115,90,55,85.0
181,AmpharosMega Ampharos,Electric,Dragon,90,95,105,165,110,45,101.66666666666667
182,Bellossom,Grass,,75,80,95,90,100,50,81.66666666666667
183,Marill,Water,Fairy,70,20,50,20,50,40,41.666666666666664
184,Azumarill,Water,Fairy,100,50,80,60,80,50,70.0
185,Sudowoodo,Rock,,70,100,115,30,65,30,68.33333333333333
186,Politoed,Water,,90,75,75,90,100,70,83.33333333333333
187,Hoppip,Grass,Flying,35,35,40,35,55,50,41.666666666666664
188,Skiploom,Grass,Flying,55,45,50,45,65,80,56.666666666666664
189,Jumpluff,Grass,Flying,75,55,70,55,95,110,76.66666666666667
190,Aipom,Normal,,55,70,55,40,55,85,60.0
191,Sunkern,Grass,,30,30,30,30,30,30,30.0
192,Sunflora,Grass,,75,75,55,105,85,30,70.83333333333333
193,Yanma,Bug,Flying,65,65,45,75,45,95,65.0
194,Wooper,Water,Ground,55,45,45,25,25,15,35.0
195,Quagsire,Water,Ground,95,85,85,65,65,35,71.66666666666667
196,Espeon,Psychic,,65,65,60,130,95,110,87.5
197,Umbreon,Dark,,95,65,110,60,130,65,87.5
198,Murkrow,Dark,Flying,60,85,42,85,42,91,67.5
199,Slowking,Water,Psychic,95,75,80,100,110,30,81.66666666666667
200,Misdreavus,Ghost,,60,60,60,85,85,85,72.5
201,Unown,Psychic,,48,72,48,72,48,48,56.0
202,Wobbuffet,Psychic,,190,33,58,33,58,33,67.5
203,Girafarig,Normal,Psychic,70,80,65,90,65,85,75.83333333333333
204,Pineco,Bug,,50,65,90,35,35,15,48.333333333333336
205,Forretress,Bug,Steel,75,90,140,60,60,40,77.5
206,Dunsparce,Normal,,100,70,70,65,65,45,69.16666666666667
207,Gligar,Ground,Flying,65,75,105,35,65,85,71.66666666666667
208,Steelix,Steel,Ground,75,85,200,55,65,30,85.0
208,SteelixMega Steelix,Steel,Ground,75,125,230,55,95,30,101.66666666666667
209,Snubbull,Fairy,,60,80,50,40,40,30,50.0
210,Granbull,Fairy,,90,120,75,60,60,45,75.0
211,Qwilfish,Water,Poison,65,95,75,55,55,85,71.66666666666667
212,Scizor,Bug,Steel,70,130,100,55,80,65,83.33333333333333
212,ScizorMega Scizor,Bug,Steel,70,150,140,65,100,75,100.0
213,Shuckle,Bug,Rock,20,10,230,10,230,5,84.16666666666667
214,Heracross,Bug,Fighting,80,125,75,40,95,85,83.33333333333333
214,HeracrossMega Heracross,Bug,Fighting,80,185,115,40,105,75,100.0
215,Sneasel,Dark,Ice,55,95,55,35,75,115,71.66666666666667
216,Teddiursa,Normal,,60,80,50,50,50,40,55.0
217,Ursaring,Normal,,90,130,75,75,75,55,83.33333333333333
218,Slugma,Fire,,40,40,40,70,40,20,41.666666666666664
219,Magcargo,Fire,Rock,50,50,120,80,80,30,68.33333333333333
220,Swinub,Ice,Ground,50,50,40,30,30,50,41.666666666666664
221,Piloswine,Ice,Ground,100,100,80,60,60,50,75.0
222,Corsola,Water,Rock,55,55,85,65,85,35,63.333333333333336
223,Remoraid,Water,,35,65,35,65,35,65,50.0
224,Octillery,Water,,75,105,75,105,75,45,80.0
225,Delibird,Ice,Flying,45,55,45,65,45,75,55.0
226,Mantine,Water,Flying,65,40,70,80,140,70,77.5
227,Skarmory,Steel,Flying,65,80,140,40,70,70,77.5
228,Houndour,Dark,Fire,45,60,30,80,50,65,55.0
229,Houndoom,Dark,Fire,75,90,50,110,80,95,83.33333333333333
229,HoundoomMega Houndoom,Dark,Fire,75,90,90,140,90,115,100.0
230,Kingdra,Water,Dragon,75,95,95,95,95,85,90.0
231,Phanpy,Ground,,90,60,60,40,40,40,55.0
232,Donphan,Ground,,90,120,120,60,60,50,83.33333333333333
233,Porygon2,Normal,,85,80,90,105,95,60,85.83333333333333
234,Stantler,Normal,,73,95,62,85,65,85,77.5
235,Smeargle,Normal,,55,20,35,20,45,75,41.666666666666664
236,Tyrogue,Fighting,,35,35,35,35,35,35,35.0
237,Hitmontop,Fighting,,50,95,95,35,110,70,75.83333333333333
238,Smoochum,Ice,Psychic,45,30,15,85,65,65,50.833333333333336
239,Elekid,Electric,,45,63,37,65,55,95,60.0
240,Magby,Fire,,45,75,37,70,55,83,60.833333333333336
241,Miltank,Normal,,95,80,105,40,70,100,81.66666666666667
242,Blissey,Normal,,255,10,10,75,135,55,90.0
243,Raikou,Electric,,90,85,75,115,100,115,96.66666666666667
244,Entei,Fire,,115,115,85,90,75,100,96.66666666666667
245,Suicune,Water,,100,75,115,90,115,85,96.66666666666667
246,Larvitar,Rock,Ground,50,64,50,45,50,41,50.0
247,Pupitar,Rock,Ground,70,84,70,65,70,51,68.33333333333333
248,Tyranitar,Rock,Dark,100,134,110,95,100,61,100.0
248,TyranitarMega Tyranitar,Rock,Dark,100,164,150,95,120,71,116.66666666666667
249,Lugia,Psychic,Flying,106,90,130,90,154,110,113.33333333333333
250,Ho-oh,Fire,Flying,106,130,90,110,154,90,113.33333333333333
251,Celebi,Psychic,Grass,100,100,100,100,100,100,100.0
252,Treecko,Grass,,40,45,35,65,55,70,51.666666666666664
253,Grovyle,Grass,,50,65,45,85,65,95,67.5
254,Sceptile,Grass,,70,85,65,105,85,120,88.33333333333333
254,SceptileMega Sceptile,Grass,Dragon,70,110,75,145,85,145,105.0
255,Torchic,Fire,,45,60,40,70,50,45,51.666666666666664
256,Combusken,Fire,Fighting,60,85,60,85,60,55,67.5
257,Blaziken,Fire,Fighting,80,120,70,110,70,80,88.33333333333333
257,BlazikenMega Blaziken,Fire,Fighting,80,160,80,130,80,100,105.0
258,Mudkip,Water,,50,70,50,50,50,40,51.666666666666664
259,Marshtomp,Water,Ground,70,85,70,60,70,50,67.5
260,Swampert,Water,Ground,100,110,90,85,90,60,89.16666666666667
260,SwampertMega Swampert,Water,Ground,100,150,110,95,110,70,105.83333333333333
261,Poochyena,Dark,,35,55,35,30,30,35,36.666666666666664
262,Mightyena,Dark,,70,90,70,60,60,70,70.0
263,Zigzagoon,Normal,,38,30,41,30,41,60,40.0
264,Linoone,Normal,,78,70,61,50,61,100,70.0
265,Wurmple,Bug,,45,45,35,20,30,20,32.5
266,Silcoon,Bug,,50,35,55,25,25,15,34.166666666666664
267,Beautifly,Bug,Flying,60,70,50,100,50,65,65.83333333333333
268,Cascoon,Bug,,50,35,55,25,25,15,34.166666666666664
269,Dustox,Bug,Poison,60,50,70,50,90,65,64.16666666666667
270,Lotad,Water,Grass,40,30,30,40,50,30,36.666666666666664
271,Lombre,Water,Grass,60,50,50,60,70,50,56.666666666666664
272,Ludicolo,Water,Grass,80,70,70,90,100,70,80.0
273,Seedot,Grass,,40,40,50,30,30,30,36.666666666666664
274,Nuzleaf,Grass,Dark,70,70,40,60,40,60,56.666666666666664
275,Shiftry,Grass,Dark,90,100,60,90,60,80,80.0
276,Taillow,Normal,Flying,40,55,30,30,30,85,45.0
277,Swellow,Normal,Flying,60,85,60,50,50,125,71.66666666666667
278,Wingull,Water,Flying,40,30,30,55,30,85,45.0
279,Pelipper,Water,Flying,60,50,100,85,70,65,71.66666666666667
280,Ralts,Psychic,Fairy,28,25,25,45,35,40,33.0
281,Kirlia,Psychic,Fairy,38,35,35,65,55,50,46.333333333333336
282,Gardevoir,Psychic,Fairy,68,65,65,125,115,80,86.33333333333333
282,GardevoirMega Gardevoir,Psychic,Fairy,68,85,65,165,135,100,103.0
283,Surskit,Bug,Water,40,30,32,50,52,65,44.833333333333336
284,Masquerain,Bug,Flying,70,60,62,80,82,60,69.0
285,Shroomish,Grass,,60,40,60,40,60,35,49.166666666666664
286,Breloom,Grass,Fighting,60,130,80,60,60,70,76.66666666666667
287,Slakoth,Normal,,60,60,60,35,35,30,46.666666666666664
288,Vigoroth,Normal,,80,80,80,55,55,90,73.33333333333333
289,Slaking,Normal,,150,160,100,95,65,100,111.66666666666667
290,Nincada,Bug,Ground,31,45,90,30,30,40,44.333333333333336
291,Ninjask,Bug,Flying,61,90,45,50,50,160,76.0
292,Shedinja,Bug,Ghost,1,90,45,30,30,40,39.333333333333336
293,Whismur,Normal,,64,51,23,51,23,28,40.0
294,Loudred,Normal,,84,71,43,71,43,48,60.0
295,Exploud,Normal,,104,91,63,91,73,68,81.66666666666667
296,Makuhita,Fighting,,72,60,30,20,30,25,39.5
297,Hariyama,Fighting,,144,120,60,40,60,50,79.0
298,Azurill,Normal,Fairy,50,20,40,20,40,20,31.666666666666668
299,Nosepass,Rock,,30,45,135,45,90,30,62.5
300,Skitty,Normal,,50,45,45,35,35,50,43.333333333333336
301,Delcatty,Normal,,70,65,65,55,55,70,63.333333333333336
302,Sableye,Dark,Ghost,50,75,75,65,65,50,63.333333333333336
302,SableyeMega Sableye,Dark,Ghost,50,85,125,85,115,20,80.0
303,Mawile,Steel,Fairy,50,85,85,55,55,50,63.333333333333336
303,MawileMega Mawile,Steel,Fairy,50,105,125,55,95,50,80.0
304,Aron,Steel,Rock,50,70,100,40,40,30,55.0
305,Lairon,Steel,Rock,60,90,140,50,50,40,71.66666666666667
306,Aggron,Steel,Rock,70,110,180,60,60,50,88.33333333333333
306,AggronMega Aggron,Steel,,70,140,230,60,80,50,105.0
307,Meditite,Fighting,Psychic,30,40,55,40,55,60,46.666666666666664
308,Medicham,Fighting,Psychic,60,60,75,60,75,80,68.33333333333333
308,MedichamMega Medicham,Fighting,Psychic,60,100,85,80,85,100,85.0
309,Electrike,Electric,,40,45,40,65,40,65,49.166666666666664
310,Manectric,Electric,,70,75,60,105,60,105,79.16666666666667
310,ManectricMega Manectric,Electric,,70,75,80,135,80,135,95.83333333333333
311,Plusle,Electric,,60,50,40,85,75,95,67.5
312,Minun,Electric,,60,40,50,75,85,95,67.5
313,Volbeat,Bug,,65,73,55,47,75,85,66.66666666666667
314,Illumise,Bug,,65,47,55,73,75,85,66.66666666666667
315,Roselia,Grass,Poison,50,60,45,100,80,65,66.66666666666667
316,Gulpin,Poison,,70,43,53,43,53,40,50.333333333333336
317,Swalot,Poison,,100,73,83,73,83,55,77.83333333333333
318,Carvanha,Water,Dark,45,90,20,65,20,65,50.833333333333336
319,Sharpedo,Water,Dark,70,120,40,95,40,95,76.66666666666667
319,SharpedoMega Sharpedo,Water,Dark,70,140,70,110,65,105,93.33333333333333
320,Wailmer,Water,,130,70,35,70,35,60,66.66666666666667
321,Wailord,Water,,170,90,45,90,45,60,83.33333333333333
322,Numel,Fire,Ground,60,60,40,65,45,35,50.833333333333336
323,Camerupt,Fire,Ground,70,100,70,105,75,40,76.66666666666667
323,CameruptMega Camerupt,Fire,Ground,70,120,100,145,105,20,93.33333333333333
324,Torkoal,Fire,,70,85,140,85,70,20,78.33333333333333
325,Spoink,Psychic,,60,25,35,70,80,60,55.0
326,Grumpig,Psychic,,80,45,65,90,110,80,78.33333333333333
327,Spinda,Normal,,60,60,60,60,60,60,60.0
328,Trapinch,Ground,,45,100,45,45,45,10,48.333333333333336
329,Vibrava,Ground,Dragon,50,70,50,50,50,70,56.666666666666664
330,Flygon,Ground,Dragon,80,100,80,80,80,100,86.66666666666667
331,Cacnea,Grass,,50,85,40,85,40,35,55.833333333333336
332,Cacturne,Grass,Dark,70,115,60,115,60,55,79.16666666666667
333,Swablu,Normal,Flying,45,40,60,40,75,50,51.666666666666664
334,Altaria,Dragon,Flying,75,70,90,70,105,80,81.66666666666667
334,AltariaMega Altaria,Dragon,Fairy,75,110,110,110,105,80,98.33333333333333
335,Zangoose,Normal,,73,115,60,60,60,90,76.33333333333333
336,Seviper,Poison,,73,100,60,100,60,65,76.33333333333333
337,Lunatone,Rock,Psychic,70,55,65,95,85,70,73.33333333333333
338,Solrock,Rock,Psychic,70,95,85,55,65,70,73.33333333333333
339,Barboach,Water,Ground,50,48,43,46,41,60,48.0
340,Whiscash,Water,Ground,110,78,73,76,71,60,78.0
341,Corphish,Water,,43,80,65,50,35,35,51.333333333333336
342,Crawdaunt,Water,Dark,63,120,85,90,55,55,78.0
343,Baltoy,Ground,Psychic,40,40,55,40,70,55,50.0
344,Claydol,Ground,Psychic,60,70,105,70,120,75,83.33333333333333
345,Lileep,Rock,Grass,66,41,77,61,87,23,59.166666666666664
346,Cradily,Rock,Grass,86,81,97,81,107,43,82.5
347,Anorith,Rock,Bug,45,95,50,40,50,75,59.166666666666664
348,Armaldo,Rock,Bug,75,125,100,70,80,45,82.5
349,Feebas,Water,,20,15,20,10,55,80,33.333333333333336
350,Milotic,Water,,95,60,79,100,125,81,90.0
351,Castform,Normal,,70,70,70,70,70,70,70.0
352,Kecleon,Normal,,60,90,70,60,120,40,73.33333333333333
353,Shuppet,Ghost,,44,75,35,63,33,45,49.166666666666664
354,Banette,Ghost,,64,115,65,83,63,65,75.83333333333333
354,BanetteMega Banette,Ghost,,64,165,75,93,83,75,92.5
355,Duskull,Ghost,,20,40,90,30,90,25,49.166666666666664
356,Dusclops,Ghost,,40,70,130,60,130,25,75.83333333333333
357,Tropius,Grass,Flying,99,68,83,72,87,51,76.66666666666667
358,Chimecho,Psychic,,65,50,70,95,80,65,70.83333333333333
359,Absol,Dark,,65,130,60,75,60,75,77.5
359,AbsolMega Absol,Dark,,65,150,60,115,60,115,94.16666666666667
360,Wynaut,Psychic,,95,23,48,23,48,23,43.333333333333336
361,Snorunt,Ice,,50,50,50,50,50,50,50.0
362,Glalie,Ice,,80,80,80,80,80,80,80.0
362,GlalieMega Glalie,Ice,,80,120,80,120,80,100,96.66666666666667
363,Spheal,Ice,Water,70,40,50,55,50,25,48.333333333333336
364,Sealeo,Ice,Water,90,60,70,75,70,45,68.33333333333333
365,Walrein,Ice,Water,110,80,90,95,90,65,88.33333333333333
366,Clamperl,Water,,35,64,85,74,55,32,57.5
367,Huntail,Water,,55,104,105,94,75,52,80.83333333333333
368,Gorebyss,Water,,55,84,105,114,75,52,80.83333333333333
369,Relicanth,Water,Rock,100,90,130,45,65,55,80.83333333333333
370,Luvdisc,Water,,43,30,55,40,65,97,55.0
371,Bagon,Dragon,,45,75,60,40,30,50,50.0
372,Shelgon,Dragon,,65,95,100,60,50,50,70.0
373,Salamence,Dragon,Flying,95,135,80,110,80,100,100.0
373,SalamenceMega Salamence,Dragon,Flying,95,145,130,120,90,120,116.66666666666667
374,Beldum,Steel,Psychic,40,55,80,35,60,30,50.0
375,Metang,Steel,Psychic,60,75,100,55,80,50,70.0
376,Metagross,Steel,Psychic,80,135,130,95,90,70,100.0
376,MetagrossMega Metagross,Steel,Psychic,80,145,150,105,110,110,116.66666666666667
377,Regirock,Rock,,80,100,200,50,100,50,96.66666666666667
378,Regice,Ice,,80,50,100,100,200,50,96.66666666666667
379,Registeel,Steel,,80,75,150,75,150,50,96.66666666666667
380,Latias,Dragon,Psychic,80,80,90,110,130,110,100.0
380,LatiasMega Latias,Dragon,Psychic,80,100,120,140,150,110,116.66666666666667
381,Latios,Dragon,Psychic,80,90,80,130,110,110,100.0
381,LatiosMega Latios,Dragon,Psychic,80,130,100,160,120,110,116.66666666666667
382,Kyogre,Water,,100,100,90,150,140,90,111.66666666666667
382,KyogrePrimal Kyogre,Water,,100,150,90,180,160,90,128.33333333333334
383,Groudon,Ground,,100,150,140,100,90,90,111.66666666666667
383,GroudonPrimal Groudon,Ground,Fire,100,180,160,150,90,90,128.33333333333334
384,Rayquaza,Dragon,Flying,105,150,90,150,90,95,113.33333333333333
384,RayquazaMega Rayquaza,Dragon,Flying,105,180,100,180,100,115,130.0
385,Jirachi,Steel,Psychic,100,100,100,100,100,100,100.0
386,DeoxysNormal Forme,Psychic,,50,150,50,150,50,150,100.0
386,DeoxysAttack Forme,Psychic,,50,180,20,180,20,150,100.0
386,DeoxysDefense Forme,Psychic,,50,70,160,70,160,90,100.0
386,DeoxysSpeed Forme,Psychic,,50,95,90,95,90,180,100.0
387,Turtwig,Grass,,55,68,64,45,55,31,53.0
388,Grotle,Grass,,75,89,85,55,65,36,67.5
389,Torterra,Grass,Ground,95,109,105,75,85,56,87.5
390,Chimchar,Fire,,44,58,44,58,44,61,51.5
391,Monferno,Fire,Fighting,64,78,52,78,52,81,67.5
392,Infernape,Fire,Fighting,76,104,71,104,71,108,89.0
393,Piplup,Water,,53,51,53,61,56,40,52.333333333333336
394,Prinplup,Water,,64,66,68,81,76,50,67.5
395,Empoleon,Water,Steel,84,86,88,111,101,60,88.33333333333333
396,Starly,Normal,Flying,40,55,30,30,30,60,40.833333333333336
397,Staravia,Normal,Flying,55,75,50,40,40,80,56.666666666666664
398,Staraptor,Normal,Flying,85,120,70,50,60,100,80.83333333333333
399,Bidoof,Normal,,59,45,40,35,40,31,41.666666666666664
400,Bibarel,Normal,Water,79,85,60,55,60,71,68.33333333333333
401,Kricketot,Bug,,37,25,41,25,41,25,32.333333333333336
402,Kricketune,Bug,,77,85,51,55,51,65,64.0
403,Shinx,Electric,,45,65,34,40,34,45,43.833333333333336
404,Luxio,Electric,,60,85,49,60,49,60,60.5
405,Luxray,Electric,,80,120,79,95,79,70,87.16666666666667
406,Budew,Grass,Poison,40,30,35,50,70,55,46.666666666666664
407,Roserade,Grass,Poison,60,70,65,125,105,90,85.83333333333333
408,Cranidos,Rock,,67,125,40,30,30,58,58.333333333333336
409,Rampardos,Rock,,97,165,60,65,50,58,82.5
410,Shieldon,Rock,Steel,30,42,118,42,88,30,58.333333333333336
411,Bastiodon,Rock,Steel,60,52,168,47,138,30,82.5
412,Burmy,Bug,,40,29,45,29,45,36,37.333333333333336
413,WormadamPlant Cloak,Bug,Grass,60,59,85,79,105,36,70.66666666666667
413,WormadamSandy Cloak,Bug,Ground,60,79,105,59,85,36,70.66666666666667
413,WormadamTrash Cloak,Bug,Steel,60,69,95,69,95,36,70.66666666666667
414,Mothim,Bug,Flying,70,94,50,94,50,66,70.66666666666667
415,Combee,Bug,Flying,30,30,42,30,42,70,40.666666666666664
416,Vespiquen,Bug,Flying,70,80,102,80,102,40,79.0
417,Pachirisu,Electric,,60,45,70,45,90,95,67.5
418,Buizel,Water,,55,65,35,60,30,85,55.0
419,Floatzel,Water,,85,105,55,85,50,115,82.5
420,Cherubi,Grass,,45,35,45,62,53,35,45.833333333333336
421,Cherrim,Grass,,70,60,70,87,78,85,75.0
422,Shellos,Water,,76,48,48,57,62,34,54.166666666666664
423,Gastrodon,Water,Ground,111,83,68,92,82,39,79.16666666666667
424,Ambipom,Normal,,75,100,66,60,66,115,80.33333333333333
425,Drifloon,Ghost,Flying,90,50,34,60,44,70,58.0
426,Drifblim,Ghost,Flying,150,80,44,90,54,80,83.0
427,Buneary,Normal,,55,66,44,44,56,85,58.333333333333336
428,Lopunny,Normal,,65,76,84,54,96,105,80.0
428,LopunnyMega Lopunny,Normal,Fighting,65,136,94,54,96,135,96.66666666666667
429,Mismagius,Ghost,,60,60,60,105,105,105,82.5
430,Honchkrow,Dark,Flying,100,125,52,105,52,71,84.16666666666667
431,Glameow,Normal,,49,55,42,42,37,85,51.666666666666664
432,Purugly,Normal,,71,82,64,64,59,112,75.33333333333333
433,Chingling,Psychic,,45,30,50,65,50,45,47.5
434,Stunky,Poison,Dark,63,63,47,41,41,74,54.833333333333336
435,Skuntank,Poison,Dark,103,93,67,71,61,84,79.83333333333333
436,Bronzor,Steel,Psychic,57,24,86,24,86,23,50.0
437,Bronzong,Steel,Psychic,67,89,116,79,116,33,83.33333333333333
438,Bonsly,Rock,,50,80,95,10,45,10,48.333333333333336
439,Mime Jr.,Psychic,Fairy,20,25,45,70,90,60,51.666666666666664
440,Happiny,Normal,,100,5,5,15,65,30,36.666666666666664
441,Chatot,Normal,Flying,76,65,45,92,42,91,68.5
442,Spiritomb,Ghost,Dark,50,92,108,92,108,35,80.83333333333333
443,Gible,Dragon,Ground,58,70,45,40,45,42,50.0
444,Gabite,Dragon,Ground,68,90,65,50,55,82,68.33333333333333
445,Garchomp,Dragon,Ground,108,130,95,80,85,102,100.0
445,GarchompMega Garchomp,Dragon,Ground,108,170,115,120,95,92,116.66666666666667
446,Munchlax,Normal,,135,85,40,40,85,5,65.0
447,Riolu,Fighting,,40,70,40,35,40,60,47.5
448,Lucario,Fighting,Steel,70,110,70,115,70,90,87.5
448,LucarioMega Lucario,Fighting,Steel,70,145,88,140,70,112,104.16666666666667
449,Hippopotas,Ground,,68,72,78,38,42,32,55.0
450,Hippowdon,Ground,,108,112,118,68,72,47,87.5
451,Skorupi,Poison,Bug,40,50,90,30,55,65,55.0
452,Drapion,Poison,Dark,70,90,110,60,75,95,83.33333333333333
453,Croagunk,Poison,Fighting,48,61,40,61,40,50,50.0
454,Toxicroak,Poison,Fighting,83,106,65,86,65,85,81.66666666666667
455,Carnivine,Grass,,74,100,72,90,72,46,75.66666666666667
456,Finneon,Water,,49,49,56,49,61,66,55.0
457,Lumineon,Water,,69,69,76,69,86,91,76.66666666666667
458,Mantyke,Water,Flying,45,20,50,60,120,50,57.5
459,Snover,Grass,Ice,60,62,50,62,60,40,55.666666666666664
460,Abomasnow,Grass,Ice,90,92,75,92,85,60,82.33333333333333
460,AbomasnowMega Abomasnow,Grass,Ice,90,132,105,132,105,30,99.0
461,Weavile,Dark,Ice,70,120,65,45,85,125,85.0
462,Magnezone,Electric,Steel,70,70,115,130,90,60,89.16666666666667
463,Lickilicky,Normal,,110,85,95,80,95,50,85.83333333333333
464,Rhyperior,Ground,Rock,115,140,130,55,55,40,89.16666666666667
465,Tangrowth,Grass,,100,100,125,110,50,50,89.16666666666667
466,Electivire,Electric,,75,123,67,95,85,95,90.0
467,Magmortar,Fire,,75,95,67,125,95,83,90.0
468,Togekiss,Fairy,Flying,85,50,95,120,115,80,90.83333333333333
469,Yanmega,Bug,Flying,86,76,86,116,56,95,85.83333333333333
470,Leafeon,Grass,,65,110,130,60,65,95,87.5
471,Glaceon,Ice,,65,60,110,130,95,65,87.5
472,Gliscor,Ground,Flying,75,95,125,45,75,95,85.0
473,Mamoswine,Ice,Ground,110,130,80,70,60,80,88.33333333333333
474,Porygon-Z,Normal,,85,80,70,135,75,90,89.16666666666667
475,Gallade,Psychic,Fighting,68,125,65,65,115,80,86.33333333333333
475,GalladeMega Gallade,Psychic,Fighting,68,165,95,65,115,110,103.0
476,Probopass,Rock,Steel,60,55,145,75,150,40,87.5
477,Dusknoir,Ghost,,45,100,135,65,135,45,87.5
478,Froslass,Ice,Ghost,70,80,70,80,70,110,80.0
479,Rotom,Electric,Ghost,50,50,77,95,77,91,73.33333333333333
479,RotomHeat Rotom,Electric,Fire,50,65,107,105,107,86,86.66666666666667
479,RotomWash Rotom,Electric,Water,50,65,107,105,107,86,86.66666666666667
479,RotomFrost Rotom,Electric,Ice,50,65,107,105,107,86,86.66666666666667
479,RotomFan Rotom,Electric,Flying,50,65,107,105,107,86,86.66666666666667
479,RotomMow Rotom,Electric,Grass,50,65,107,105,107,86,86.66666666666667
480,Uxie,Psychic,,75,75,130,75,130,95,96.66666666666667
481,Mesprit,Psychic,,80,105,105,105,105,80,96.66666666666667
482,Azelf,Psychic,,75,125,70,125,70,115,96.66666666666667
483,Dialga,Steel,Dragon,100,120,120,150,100,90,113.33333333333333
484,Palkia,Water,Dragon,90,120,100,150,120,100,113.33333333333333
485,Heatran,Fire,Steel,91,90,106,130,106,77,100.0
486,Regigigas,Normal,,110,160,110,80,110,100,111.66666666666667
487,GiratinaAltered Forme,Ghost,Dragon,150,100,120,100,120,90,113.33333333333333
487,GiratinaOrigin Forme,Ghost,Dragon,150,120,100,120,100,90,113.33333333333333
488,Cresselia,Psychic,,120,70,120,75,130,85,100.0
489,Phione,Water,,80,80,80,80,80,80,80.0
490,Manaphy,Water,,100,100,100,100,100,100,100.0
491,Darkrai,Dark,,70,90,90,135,90,125,100.0
492,ShayminLand Forme,Grass,,100,100,100,100,100,100,100.0
492,ShayminSky Forme,Grass,Flying,100,103,75,120,75,127,100.0
493,Arceus,Normal,,120,120,120,120,120,120,120.0
494,Victini,Psychic,Fire,100,100,100,100,100,100,100.0
495,Snivy,Grass,,45,45,55,45,55,63,51.333333333333336
496,Servine,Grass,,60,60,75,60,75,83,68.83333333333333
497,Serperior,Grass,,75,75,95,75,95,113,88.0
498,Tepig,Fire,,65,63,45,45,45,45,51.333333333333336
499,Pignite,Fire,Fighting,90,93,55,70,55,55,69.66666666666667
500,Emboar,Fire,Fighting,110,123,65,100,65,65,88.0
501,Oshawott,Water,,55,55,45,63,45,45,51.333333333333336
502,Dewott,Water,,75,75,60,83,60,60,68.83333333333333
503,Samurott,Water,,95,100,85,108,70,70,88.0
504,Patrat,Normal,,45,55,39,35,39,42,42.5
505,Watchog,Normal,,60,85,69,60,69,77,70.0
506,Lillipup,Normal,,45,60,45,25,45,55,45.833333333333336
507,Herdier,Normal,,65,80,65,35,65,60,61.666666666666664
508,Stoutland,Normal,,85,110,90,45,90,80,83.33333333333333
509,Purrloin,Dark,,41,50,37,50,37,66,46.833333333333336
510,Liepard,Dark,,64,88,50,88,50,106,74.33333333333333
511,Pansage,Grass,,50,53,48,53,48,64,52.666666666666664
512,Simisage,Grass,,75,98,63,98,63,101,83.0
513,Pansear,Fire,,50,53,48,53,48,64,52.666666666666664
514,Simisear,Fire,,75,98,63,98,63,101,83.0
515,Panpour,Water,,50,53,48,53,48,64,52.666666666666664
516,Simipour,Water,,75,98,63,98,63,101,83.0
517,Munna,Psychic,,76,25,45,67,55,24,48.666666666666664
518,Musharna,Psychic,,116,55,85,107,95,29,81.16666666666667
519,Pidove,Normal,Flying,50,55,50,36,30,43,44.0
520,Tranquill,Normal,Flying,62,77,62,50,42,65,59.666666666666664
521,Unfezant,Normal,Flying,80,115,80,65,55,93,81.33333333333333
522,Blitzle,Electric,,45,60,32,50,32,76,49.166666666666664
523,Zebstrika,Electric,,75,100,63,80,63,116,82.83333333333333
524,Roggenrola,Rock,,55,75,85,25,25,15,46.666666666666664
525,Boldore,Rock,,70,105,105,50,40,20,65.0
526,Gigalith,Rock,,85,135,130,60,80,25,85.83333333333333
527,Woobat,Psychic,Flying,55,45,43,55,43,72,52.166666666666664
528,Swoobat,Psychic,Flying,67,57,55,77,55,114,70.83333333333333
529,Drilbur,Ground,,60,85,40,30,45,68,54.666666666666664
530,Excadrill,Ground,Steel,110,135,60,50,65,88,84.66666666666667
531,Audino,Normal,,103,60,86,60,86,50,74.16666666666667
531,AudinoMega Audino,Normal,Fairy,103,60,126,80,126,50,90.83333333333333
532,Timburr,Fighting,,75,80,55,25,35,35,50.833333333333336
533,Gurdurr,Fighting,,85,105,85,40,50,40,67.5
534,Conkeldurr,Fighting,,105,140,95,55,65,45,84.16666666666667
535,Tympole,Water,,50,50,40,50,40,64,49.0
536,Palpitoad,Water,Ground,75,65,55,65,55,69,64.0
537,Seismitoad,Water,Ground,105,95,75,85,75,74,84.83333333333333
538,Throh,Fighting,,120,100,85,30,85,45,77.5
539,Sawk,Fighting,,75,125,75,30,75,85,77.5
540,Sewaddle,Bug,Grass,45,53,70,40,60,42,51.666666666666664
541,Swadloon,Bug,Grass,55,63,90,50,80,42,63.333333333333336
542,Leavanny,Bug,Grass,75,103,80,70,80,92,83.33333333333333
543,Venipede,Bug,Poison,30,45,59,30,39,57,43.333333333333336
544,Whirlipede,Bug,Poison,40,55,99,40,79,47,60.0
545,Scolipede,Bug,Poison,60,100,89,55,69,112,80.83333333333333
546,Cottonee,Grass,Fairy,40,27,60,37,50,66,46.666666666666664
547,Whimsicott,Grass,Fairy,60,67,85,77,75,116,80.0
548,Petilil,Grass,,45,35,50,70,50,30,46.666666666666664
549,Lilligant,Grass,,70,60,75,110,75,90,80.0
550,Basculin,Water,,70,92,65,80,55,98,76.66666666666667
551,Sandile,Ground,Dark,50,72,35,35,35,65,48.666666666666664
552,Krokorok,Ground,Dark,60,82,45,45,45,74,58.5
553,Krookodile,Ground,Dark,95,117,80,65,70,92,86.5
554,Darumaka,Fire,,70,90,45,15,45,50,52.5
555,DarmanitanStandard Mode,Fire,,105,140,55,30,55,95,80.0
555,DarmanitanZen Mode,Fire,Psychic,105,30,105,140,105,55,90.0
556,Maractus,Grass,,75,86,67,106,67,60,76.83333333333333
557,Dwebble,Bug,Rock,50,65,85,35,35,55,54.166666666666664
558,Crustle,Bug,Rock,70,95,125,65,75,45,79.16666666666667
559,Scraggy,Dark,Fighting,50,75,70,35,70,48,58.0
560,Scrafty,Dark,Fighting,65,90,115,45,115,58,81.33333333333333
561,Sigilyph,Psychic,Flying,72,58,80,103,80,97,81.66666666666667
562,Yamask,Ghost,,38,30,85,55,65,30,50.5
563,Cofagrigus,Ghost,,58,50,145,95,105,30,80.5
564,Tirtouga,Water,Rock,54,78,103,53,45,22,59.166666666666664
565,Carracosta,Water,Rock,74,108,133,83,65,32,82.5
566,Archen,Rock,Flying,55,112,45,74,45,70,66.83333333333333
567,Archeops,Rock,Flying,75,140,65,112,65,110,94.5
568,Trubbish,Poison,,50,50,62,40,62,65,54.833333333333336
569,Garbodor,Poison,,80,95,82,60,82,75,79.0
570,Zorua,Dark,,40,65,40,80,40,65,55.0
571,Zoroark,Dark,,60,105,60,120,60,105,85.0
572,Minccino,Normal,,55,50,40,40,40,75,50.0
573,Cinccino,Normal,,75,95,60,65,60,115,78.33333333333333
574,Gothita,Psychic,,45,30,50,55,65,45,48.333333333333336
575,Gothorita,Psychic,,60,45,70,75,85,55,65.0
576,Gothitelle,Psychic,,70,55,95,95,110,65,81.66666666666667
577,Solosis,Psychic,,45,30,40,105,50,20,48.333333333333336
578,Duosion,Psychic,,65,40,50,125,60,30,61.666666666666664
579,Reuniclus,Psychic,,110,65,75,125,85,30,81.66666666666667
580,Ducklett,Water,Flying,62,44,50,44,50,55,50.833333333333336
581,Swanna,Water,Flying,75,87,63,87,63,98,78.83333333333333
582,Vanillite,Ice,,36,50,50,65,60,44,50.833333333333336
583,Vanillish,Ice,,51,65,65,80,75,59,65.83333333333333
584,Vanilluxe,Ice,,71,95,85,110,95,79,89.16666666666667
585,Deerling,Normal,Grass,60,60,50,40,50,75,55.833333333333336
586,Sawsbuck,Normal,Grass,80,100,70,60,70,95,79.16666666666667
587,Emolga,Electric,Flying,55,75,60,75,60,103,71.33333333333333
588,Karrablast,Bug,,50,75,45,40,45,60,52.5
589,Escavalier,Bug,Steel,70,135,105,60,105,20,82.5
590,Foongus,Grass,Poison,69,55,45,55,55,15,49.0
591,Amoonguss,Grass,Poison,114,85,70,85,80,30,77.33333333333333
592,Frillish,Water,Ghost,55,40,50,65,85,40,55.833333333333336
593,Jellicent,Water,Ghost,100,60,70,85,105,60,80.0
594,Alomomola,Water,,165,75,80,40,45,65,78.33333333333333
595,Joltik,Bug,Electric,50,47,50,57,50,65,53.166666666666664
596,Galvantula,Bug,Electric,70,77,60,97,60,108,78.66666666666667
597,Ferroseed,Grass,Steel,44,50,91,24,86,10,50.833333333333336
598,Ferrothorn,Grass,Steel,74,94,131,54,116,20,81.5
599,Klink,Steel,,40,55,70,45,60,30,50.0
600,Klang,Steel,,60,80,95,70,85,50,73.33333333333333
601,Klinklang,Steel,,60,100,115,70,85,90,86.66666666666667
602,Tynamo,Electric,,35,55,40,45,40,60,45.833333333333336
603,Eelektrik,Electric,,65,85,70,75,70,40,67.5
604,Eelektross,Electric,,85,115,80,105,80,50,85.83333333333333
605,Elgyem,Psychic,,55,55,55,85,55,30,55.833333333333336
606,Beheeyem,Psychic,,75,75,75,125,95,40,80.83333333333333
607,Litwick,Ghost,Fire,50,30,55,65,55,20,45.833333333333336
608,Lampent,Ghost,Fire,60,40,60,95,60,55,61.666666666666664
609,Chandelure,Ghost,Fire,60,55,90,145,90,80,86.66666666666667
610,Axew,Dragon,,46,87,60,30,40,57,53.333333333333336
611,Fraxure,Dragon,,66,117,70,40,50,67,68.33333333333333
612,Haxorus,Dragon,,76,147,90,60,70,97,90.0
613,Cubchoo,Ice,,55,70,40,60,40,40,50.833333333333336
614,Beartic,Ice,,95,110,80,70,80,50,80.83333333333333
615,Cryogonal,Ice,,70,50,30,95,135,105,80.83333333333333
616,Shelmet,Bug,,50,40,85,40,65,25,50.833333333333336
617,Accelgor,Bug,,80,70,40,100,60,145,82.5
618,Stunfisk,Ground,Electric,109,66,84,81,99,32,78.5
619,Mienfoo,Fighting,,45,85,50,55,50,65,58.333333333333336
620,Mienshao,Fighting,,65,125,60,95,60,105,85.0
621,Druddigon,Dragon,,77,120,90,60,90,48,80.83333333333333
622,Golett,Ground,Ghost,59,74,50,35,50,35,50.5
623,Golurk,Ground,Ghost,89,124,80,55,80,55,80.5
624,Pawniard,Dark,Steel,45,85,70,40,40,60,56.666666666666664
625,Bisharp,Dark,Steel,65,125,100,60,70,70,81.66666666666667
626,Bouffalant,Normal,,95,110,95,40,95,55,81.66666666666667
627,Rufflet,Normal,Flying,70,83,50,37,50,60,58.333333333333336
628,Braviary,Normal,Flying,100,123,75,57,75,80,85.0
629,Vullaby,Dark,Flying,70,55,75,45,65,60,61.666666666666664
630,Mandibuzz,Dark,Flying,110,65,105,55,95,80,85.0
631,Heatmor,Fire,,85,97,66,105,66,65,80.66666666666667
632,Durant,Bug,Steel,58,109,112,48,48,109,80.66666666666667
633,Deino,Dark,Dragon,52,65,50,45,50,38,50.0
634,Zweilous,Dark,Dragon,72,85,70,65,70,58,70.0
635,Hydreigon,Dark,Dragon,92,105,90,125,90,98,100.0
636,Larvesta,Bug,Fire,55,85,55,50,55,60,60.0
637,Volcarona,Bug,Fire,85,60,65,135,105,100,91.66666666666667
638,Cobalion,Steel,Fighting,91,90,129,90,72,108,96.66666666666667
639,Terrakion,Rock,Fighting,91,129,90,72,90,108,96.66666666666667
640,Virizion,Grass,Fighting,91,90,72,90,129,108,96.66666666666667
641,TornadusIncarnate Forme,Flying,,79,115,70,125,80,111,96.66666666666667
641,TornadusTherian Forme,Flying,,79,100,80,110,90,121,96.66666666666667
642,ThundurusIncarnate Forme,Electric,Flying,79,115,70,125,80,111,96.66666666666667
642,ThundurusTherian Forme,Electric,Flying,79,105,70,145,80,101,96.66666666666667
643,Reshiram,Dragon,Fire,100,120,100,150,120,90,113.33333333333333
644,Zekrom,Dragon,Electric,100,150,120,120,100,90,113.33333333333333
645,LandorusIncarnate Forme,Ground,Flying,89,125,90,115,80,101,100.0
645,LandorusTherian Forme,Ground,Flying,89,145,90,105,80,91,100.0
646,Kyurem,Dragon,Ice,125,130,90,130,90,95,110.0
646,KyuremBlack Kyurem,Dragon,Ice,125,170,100,120,90,95,116.66666666666667
646,KyuremWhite Kyurem,Dragon,Ice,125,120,90,170,100,95,116.66666666666667
647,KeldeoOrdinary Forme,Water,Fighting,91,72,90,129,90,108,96.66666666666667
647,KeldeoResolute Forme,Water,Fighting,91,72,90,129,90,108,96.66666666666667
648,MeloettaAria Forme,Normal,Psychic,100,77,77,128,128,90,100.0
648,MeloettaPirouette Forme,Normal,Fighting,100,128,90,77,77,128,100.0
649,Genesect,Bug,Steel,71,120,95,120,95,99,100.0
650,Chespin,Grass,,56,61,65,48,45,38,52.166666666666664
651,Quilladin,Grass,,61,78,95,56,58,57,67.5
652,Chesnaught,Grass,Fighting,88,107,122,74,75,64,88.33333333333333
653,Fennekin,Fire,,40,45,40,62,60,60,51.166666666666664
654,Braixen,Fire,,59,59,58,90,70,73,68.16666666666667
655,Delphox,Fire,Psychic,75,69,72,114,100,104,89.0
656,Froakie,Water,,41,56,40,62,44,71,52.333333333333336
657,Frogadier,Water,,54,63,52,83,56,97,67.5
658,Greninja,Water,Dark,72,95,67,103,71,122,88.33333333333333
659,Bunnelby,Normal,,38,36,38,32,36,57,39.5
660,Diggersby,Normal,Ground,85,56,77,50,77,78,70.5
661,Fletchling,Normal,Flying,45,50,43,40,38,62,46.333333333333336
662,Fletchinder,Fire,Flying,62,73,55,56,52,84,63.666666666666664
663,Talonflame,Fire,Flying,78,81,71,74,69,126,83.16666666666667
664,Scatterbug,Bug,,38,35,40,27,25,35,33.333333333333336
665,Spewpa,Bug,,45,22,60,27,30,29,35.5
666,Vivillon,Bug,Flying,80,52,50,90,50,89,68.5
667,Litleo,Fire,Normal,62,50,58,73,54,72,61.5
668,Pyroar,Fire,Normal,86,68,72,109,66,106,84.5
669,Flabébé,Fairy,,44,38,39,61,79,42,50.5
670,Floette,Fairy,,54,45,47,75,98,52,61.833333333333336
671,Florges,Fairy,,78,65,68,112,154,75,92.0
672,Skiddo,Grass,,66,65,48,62,57,52,58.333333333333336
673,Gogoat,Grass,,123,100,62,97,81,68,88.5
674,Pancham,Fighting,,67,82,62,46,48,43,58.0
675,Pangoro,Fighting,Dark,95,124,78,69,71,58,82.5
676,Furfrou,Normal,,75,80,60,65,90,102,78.66666666666667
677,Espurr,Psychic,,62,48,54,63,60,68,59.166666666666664
678,MeowsticMale,Psychic,,74,48,76,83,81,104,77.66666666666667
678,MeowsticFemale,Psychic,,74,48,76,83,81,104,77.66666666666667
679,Honedge,Steel,Ghost,45,80,100,35,37,28,54.166666666666664
680,Doublade,Steel,Ghost,59,110,150,45,49,35,74.66666666666667
681,AegislashBlade Forme,Steel,Ghost,60,150,50,150,50,60,86.66666666666667
681,AegislashShield Forme,Steel,Ghost,60,50,150,50,150,60,86.66666666666667
682,Spritzee,Fairy,,78,52,60,63,65,23,56.833333333333336
683,Aromatisse,Fairy,,101,72,72,99,89,29,77.0
684,Swirlix,Fairy,,62,48,66,59,57,49,56.833333333333336
685,Slurpuff,Fairy,,82,80,86,85,75,72,80.0
686,Inkay,Dark,Psychic,53,54,53,37,46,45,48.0
687,Malamar,Dark,Psychic,86,92,88,68,75,73,80.33333333333333
688,Binacle,Rock,Water,42,52,67,39,56,50,51.0
689,Barbaracle,Rock,Water,72,105,115,54,86,68,83.33333333333333
690,Skrelp,Poison,Water,50,60,60,60,60,30,53.333333333333336
691,Dragalge,Poison,Dragon,65,75,90,97,123,44,82.33333333333333
692,Clauncher,Water,,50,53,62,58,63,44,55.0
693,Clawitzer,Water,,71,73,88,120,89,59,83.33333333333333
694,Helioptile,Electric,Normal,44,38,33,61,43,70,48.166666666666664
695,Heliolisk,Electric,Normal,62,55,52,109,94,109,80.16666666666667
696,Tyrunt,Rock,Dragon,58,89,77,45,45,48,60.333333333333336
697,Tyrantrum,Rock,Dragon,82,121,119,69,59,71,86.83333333333333
698,Amaura,Rock,Ice,77,59,50,67,63,46,60.333333333333336
699,Aurorus,Rock,Ice,123,77,72,99,92,58,86.83333333333333
700,Sylveon,Fairy,,95,65,65,110,130,60,87.5
701,Hawlucha,Fighting,Flying,78,92,75,74,63,118,83.33333333333333
702,Dedenne,Electric,Fairy,67,58,57,81,67,101,71.83333333333333
703,Carbink,Rock,Fairy,50,50,150,50,150,50,83.33333333333333
704,Goomy,Dragon,,45,50,35,55,75,40,50.0
705,Sliggoo,Dragon,,68,75,53,83,113,60,75.33333333333333
706,Goodra,Dragon,,90,100,70,110,150,80,100.0
707,Klefki,Steel,Fairy,57,80,91,80,87,75,78.33333333333333
708,Phantump,Ghost,Grass,43,70,48,50,60,38,51.5
709,Trevenant,Ghost,Grass,85,110,76,65,82,56,79.0
710,PumpkabooAverage Size,Ghost,Grass,49,66,70,44,55,51,55.833333333333336
710,PumpkabooSmall Size,Ghost,Grass,44,66,70,44,55,56,55.833333333333336
710,PumpkabooLarge Size,Ghost,Grass,54,66,70,44,55,46,55.833333333333336
710,PumpkabooSuper Size,Ghost,Grass,59,66,70,44,55,41,55.833333333333336
711,GourgeistAverage Size,Ghost,Grass,65,90,122,58,75,84,82.33333333333333
711,GourgeistSmall Size,Ghost,Grass,55,85,122,58,75,99,82.33333333333333
711,GourgeistLarge Size,Ghost,Grass,75,95,122,58,75,69,82.33333333333333
711,GourgeistSuper Size,Ghost,Grass,85,100,122,58,75,54,82.33333333333333
712,Bergmite,Ice,,55,69,85,32,35,28,50.666666666666664
713,Avalugg,Ice,,95,117,184,44,46,28,85.66666666666667
714,Noibat,Flying,Dragon,40,30,35,45,40,55,40.833333333333336
715,Noivern,Flying,Dragon,85,70,80,97,80,123,89.16666666666667
716,Xerneas,Fairy,,126,131,95,131,98,99,113.33333333333333
717,Yveltal,Dark,Flying,126,131,95,131,98,99,113.33333333333333
718,Zygarde50% Forme,Dragon,Ground,108,100,121,81,95,95,100.0
719,Diancie,Rock,Fairy,50,100,150,100,150,50,100.0
719,DiancieMega Diancie,Rock,Fairy,50,160,110,160,110,110,116.66666666666667
720,HoopaHoopa Confined,Psychic,Ghost,80,110,60,150,130,70,100.0
720,HoopaHoopa Unbound,Psychic,Dark,80,160,60,170,130,80,113.33333333333333
721,Volcanion,Fire,Water,80,110,120,130,90,70,100.0
